id,first_name,last_name,email,gender,ip_address
1,Maria,Hunter,mhunter0@ucoz.ru,Female,202.228.246.184
2,Judy,Reed,jreed1@domainmarket.com,Female,135.26.199.159
3,Jean,Sullivan,jsullivan2@mail.ru,Female,195.182.46.180
4,Jacqueline,Burton,jburton3@nifty.com,Female,189.57.124.5
5,Rose,Howard,rhoward4@wunderground.com,Female,81.21.89.193
6,Harry,Jackson,hjackson5@dyndns.org,Male,245.148.136.28
7,William,Tucker,wtucker6@example.com,Male,103.167.158.13
8,Matthew,Baker,mbaker7@domainmarket.com,Male,2.82.147.234
9,Karen,Bradley,kbradley8@blogspot.com,Female,244.212.113.233
10,Susan,Pierce,spierce9@wisc.edu,Female,175.228.170.253
11,Paula,Williams,pwilliamsa@unc.edu,Female,21.87.0.77
12,Michelle,Sullivan,msullivanb@tripadvisor.com,Female,94.77.147.121
13,Karen,Lane,klanec@soup.io,Female,210.194.211.70
14,Timothy,Cunningham,tcunninghamd@forbes.com,Male,94.127.29.159
15,Randy,Schmidt,rschmidte@reference.com,Male,41.241.212.113
16,Sean,Stephens,sstephensf@technorati.com,Male,188.245.225.155
17,Michelle,Chavez,mchavezg@i2i.jp,Female,219.118.129.86
18,Howard,Mason,hmasonh@samsung.com,Male,129.162.241.18
19,Philip,Thompson,pthompsoni@zdnet.com,Male,169.214.87.205
20,Betty,Matthews,bmatthewsj@ocn.ne.jp,Female,82.3.245.0
21,Cheryl,Ward,cwardk@opera.com,Female,217.117.12.216
22,Pamela,Day,pdayl@w3.org,Female,119.198.186.81
23,Shirley,Coleman,scolemanm@unc.edu,Female,100.182.235.210
24,Margaret,Graham,mgrahamn@dell.com,Female,53.193.243.212
25,Matthew,Ford,mfordo@forbes.com,Male,216.205.44.177
26,Helen,Perez,hperezp@ted.com,Female,200.51.115.182
27,Ronald,Medina,rmedinaq@ft.com,Male,176.215.193.127
28,Louis,Roberts,lrobertsr@oaic.gov.au,Male,97.14.134.212
29,Juan,Hall,jhalls@shutterfly.com,Male,49.67.49.205
30,Ronald,Thompson,rthompsont@squarespace.com,Male,31.221.20.171
31,Anthony,Bowman,abowmanu@360.cn,Male,158.99.172.198
32,Barbara,Gomez,bgomezv@wikipedia.org,Female,66.237.203.15
33,Larry,Scott,lscottw@amazonaws.com,Male,32.212.107.67
34,Catherine,Perez,cperezx@imgur.com,Female,65.142.61.107
35,Russell,Myers,rmyersy@nature.com,Male,245.140.207.4
36,Ashley,Parker,aparkerz@feedburner.com,Female,21.157.125.175
37,Julie,Day,jday10@oracle.com,Female,89.139.236.40
38,Todd,Carr,tcarr11@businessweek.com,Male,141.190.76.201
39,Robin,West,rwest12@virginia.edu,Female,162.198.191.171
40,Ernest,Alexander,ealexander13@google.co.jp,Male,23.224.4.156
41,Robert,Cox,rcox14@google.com.br,Male,182.90.206.1
42,Betty,Hansen,bhansen15@is.gd,Female,17.12.172.80
43,Henry,Gutierrez,hgutierrez16@people.com.cn,Male,57.242.126.239
44,Edward,Grant,egrant17@gmpg.org,Male,133.142.126.175
45,Jessica,Welch,jwelch18@examiner.com,Female,201.135.218.165
46,Charles,Larson,clarson19@canalblog.com,Male,115.127.32.230
47,Paula,Mccoy,pmccoy1a@dailymotion.com,Female,10.8.253.78
48,Terry,Carpenter,tcarpenter1b@istockphoto.com,Male,115.53.215.201
49,Edward,Edwards,eedwards1c@angelfire.com,Male,222.14.108.183
50,Ronald,Harris,rharris1d@mapy.cz,Male,96.180.179.33
51,Philip,Shaw,pshaw1e@freewebs.com,Male,78.91.49.188
52,Marie,Franklin,mfranklin1f@hc360.com,Female,81.96.169.43
53,Christine,James,cjames1g@com.com,Female,9.25.13.130
54,Roy,Green,rgreen1h@whitehouse.gov,Male,235.165.127.70
55,Billy,Lawson,blawson1i@symantec.com,Male,253.103.106.216
56,Craig,Reyes,creyes1j@newyorker.com,Male,249.110.20.96
57,Rose,Jenkins,rjenkins1k@csmonitor.com,Female,253.121.176.156
58,Joshua,Bishop,jbishop1l@imdb.com,Male,246.191.247.250
59,Tammy,Hawkins,thawkins1m@theguardian.com,Female,141.206.180.218
60,Phyllis,Kelley,pkelley1n@surveymonkey.com,Female,152.32.161.7
61,Evelyn,Perez,eperez1o@reddit.com,Female,202.101.23.14
62,Kathy,Lewis,klewis1p@businesswire.com,Female,96.14.150.110
63,Ralph,James,rjames1q@jalbum.net,Male,130.216.207.180
64,Howard,Grant,hgrant1r@creativecommons.org,Male,90.137.177.222
65,Raymond,Black,rblack1s@jimdo.com,Male,118.51.59.96
66,Kenneth,Owens,kowens1t@china.com.cn,Male,65.122.174.109
67,Lawrence,Shaw,lshaw1u@meetup.com,Male,221.75.79.14
68,Frances,Hicks,fhicks1v@chicagotribune.com,Female,77.223.157.194
69,Joyce,Watkins,jwatkins1w@rakuten.co.jp,Female,159.29.162.75
70,Bruce,Schmidt,bschmidt1x@nbcnews.com,Male,68.70.212.27
71,Teresa,Butler,tbutler1y@netlog.com,Female,44.158.19.191
72,Ruth,Johnson,rjohnson1z@wix.com,Female,168.23.71.233
73,Antonio,Brooks,abrooks20@ask.com,Male,233.254.199.182
74,Joan,Ramirez,jramirez21@bigcartel.com,Female,205.191.222.19
75,Brenda,Jones,bjones22@ow.ly,Female,227.127.10.151
76,Kenneth,Lynch,klynch23@smugmug.com,Male,135.231.9.77
77,Anna,Owens,aowens24@themeforest.net,Female,56.251.40.81
78,Bonnie,Cunningham,bcunningham25@va.gov,Female,115.236.223.128
79,Catherine,Chavez,cchavez26@yahoo.com,Female,69.25.207.68
80,Sarah,Butler,sbutler27@blogspot.com,Female,238.129.210.235
81,David,Murphy,dmurphy28@mtv.com,Male,198.196.73.188
82,Cheryl,Elliott,celliott29@sina.com.cn,Female,45.110.36.44
83,Albert,Diaz,adiaz2a@microsoft.com,Male,180.252.23.73
84,Theresa,Campbell,tcampbell2b@usda.gov,Female,195.70.25.221
85,Emily,Roberts,eroberts2c@canalblog.com,Female,113.137.44.246
86,Patricia,Hanson,phanson2d@dagondesign.com,Female,94.111.195.44
87,Mark,Roberts,mroberts2e@squidoo.com,Male,231.196.145.63
88,Dorothy,Coleman,dcoleman2f@github.com,Female,238.169.151.0
89,Phillip,Dean,pdean2g@acquirethisname.com,Male,6.89.232.128
90,Harry,Little,hlittle2h@dailymotion.com,Male,250.144.210.228
91,Teresa,Stevens,tstevens2i@liveinternet.ru,Female,64.70.169.2
92,Louise,Wood,lwood2j@admin.ch,Female,4.59.44.235
93,Johnny,Gonzalez,jgonzalez2k@i2i.jp,Male,28.32.26.26
94,Walter,Harrison,wharrison2l@merriam-webster.com,Male,20.149.5.152
95,Bonnie,Edwards,bedwards2m@surveymonkey.com,Female,41.222.208.145
96,Bruce,Tucker,btucker2n@mit.edu,Male,148.119.142.152
97,Jonathan,Brown,jbrown2o@cocolog-nifty.com,Male,78.18.12.104
98,Evelyn,Richards,erichards2p@psu.edu,Female,184.13.145.207
99,Timothy,Cook,tcook2q@patch.com,Male,217.71.1.243
100,Annie,Foster,afoster2r@sitemeter.com,Female,203.126.172.61
101,Doris,Owens,dowens2s@joomla.org,Female,129.127.195.201
102,Gary,Arnold,garnold2t@cbc.ca,Male,113.55.6.231
103,Larry,Little,llittle2u@mediafire.com,Male,199.230.234.118
104,Jonathan,Hansen,jhansen2v@shinystat.com,Male,115.84.118.91
105,Virginia,Perez,vperez2w@boston.com,Female,227.219.31.240
106,Cheryl,Walker,cwalker2x@xinhuanet.com,Female,160.111.86.144
107,Cynthia,Mendoza,cmendoza2y@wiley.com,Female,250.78.85.161
108,Debra,Butler,dbutler2z@drupal.org,Female,94.158.110.41
109,Marilyn,Wells,mwells30@mysql.com,Female,12.248.65.160
110,Charles,Franklin,cfranklin31@google.ru,Male,205.20.166.151
111,Susan,Evans,sevans32@jiathis.com,Female,141.229.83.31
112,Donna,Warren,dwarren33@mtv.com,Female,151.23.31.162
113,Sean,Campbell,scampbell34@tamu.edu,Male,214.240.245.199
114,Jerry,Baker,jbaker35@feedburner.com,Male,51.239.90.56
115,Fred,Lee,flee36@altervista.org,Male,49.158.204.43
116,Bruce,Mitchell,bmitchell37@who.int,Male,163.215.103.211
117,Ruth,Marshall,rmarshall38@techcrunch.com,Female,223.81.147.156
118,Victor,Shaw,vshaw39@mysql.com,Male,9.249.190.159
119,Robert,Watson,rwatson3a@businessweek.com,Male,14.220.219.182
120,Willie,Henry,whenry3b@clickbank.net,Male,224.222.24.191
121,Steven,Jacobs,sjacobs3c@phpbb.com,Male,43.226.161.157
122,Harry,Edwards,hedwards3d@census.gov,Male,36.119.45.191
123,Clarence,Ford,cford3e@google.cn,Male,2.225.185.178
124,Gary,Ward,gward3f@go.com,Male,9.163.237.42
125,Raymond,Murphy,rmurphy3g@fotki.com,Male,212.223.188.252
126,David,Murphy,dmurphy3h@prlog.org,Male,109.214.117.213
127,Joseph,Reed,jreed3i@merriam-webster.com,Male,37.12.13.249
128,Arthur,Adams,aadams3j@etsy.com,Male,244.173.192.181
129,Howard,Armstrong,harmstrong3k@usgs.gov,Male,62.30.216.191
130,Ronald,Alexander,ralexander3l@engadget.com,Male,101.118.134.52
131,James,Carr,jcarr3m@umich.edu,Male,68.78.143.96
132,Benjamin,Jordan,bjordan3n@whitehouse.gov,Male,237.32.71.24
133,Alice,Shaw,ashaw3o@utexas.edu,Female,152.151.103.222
134,Julie,Butler,jbutler3p@parallels.com,Female,33.234.60.69
135,Doris,Henry,dhenry3q@gmpg.org,Female,135.106.91.159
136,Bonnie,Howard,bhoward3r@meetup.com,Female,234.255.234.209
137,Joshua,Reid,jreid3s@usgs.gov,Male,91.250.238.147
138,William,Reynolds,wreynolds3t@dell.com,Male,190.172.246.69
139,Jean,Hill,jhill3u@ucla.edu,Female,245.56.20.66
140,Lawrence,Morris,lmorris3v@cisco.com,Male,71.35.16.149
141,Pamela,Cruz,pcruz3w@ca.gov,Female,20.87.128.193
142,Sara,Shaw,sshaw3x@yellowpages.com,Female,212.169.157.188
143,Gloria,Alexander,galexander3y@msn.com,Female,171.129.163.140
144,Jason,Hall,jhall3z@slideshare.net,Male,77.58.176.138
145,Charles,Cook,ccook40@amazonaws.com,Male,98.106.63.4
146,Jerry,Howell,jhowell41@wired.com,Male,162.46.90.221
147,John,West,jwest42@prweb.com,Male,219.71.60.23
148,Donna,Moreno,dmoreno43@epa.gov,Female,182.234.100.207
149,Linda,Smith,lsmith44@yolasite.com,Female,252.210.1.191
150,Phillip,Morris,pmorris45@wiley.com,Male,252.6.68.241
151,Jonathan,Morales,jmorales46@smugmug.com,Male,230.15.210.71
152,Christine,Dunn,cdunn47@msu.edu,Female,146.204.99.209
153,Kelly,Cox,kcox48@indiegogo.com,Female,180.238.203.38
154,Louise,Martin,lmartin49@samsung.com,Female,51.61.156.16
155,Pamela,Burns,pburns4a@dot.gov,Female,52.201.59.149
156,Donald,Willis,dwillis4b@cocolog-nifty.com,Male,74.78.110.161
157,Patricia,Little,plittle4c@e-recht24.de,Female,210.173.239.133
158,Jeffrey,Daniels,jdaniels4d@cnn.com,Male,220.158.180.50
159,Evelyn,Schmidt,eschmidt4e@macromedia.com,Female,47.106.163.179
160,Rose,Mccoy,rmccoy4f@ask.com,Female,159.92.66.35
161,Doris,Weaver,dweaver4g@privacy.gov.au,Female,114.35.61.24
162,Nicholas,Hanson,nhanson4h@gov.uk,Male,99.115.103.171
163,Cheryl,Perry,cperry4i@accuweather.com,Female,196.116.44.55
164,Mary,Brown,mbrown4j@opera.com,Female,166.204.137.253
165,Julia,Welch,jwelch4k@china.com.cn,Female,35.144.30.210
166,Anna,Perkins,aperkins4l@wordpress.org,Female,146.235.167.34
167,Scott,Hudson,shudson4m@drupal.org,Male,249.234.20.72
168,Jonathan,Cook,jcook4n@zdnet.com,Male,47.217.92.149
169,Craig,Payne,cpayne4o@phpbb.com,Male,26.107.36.180
170,Harold,Little,hlittle4p@usatoday.com,Male,29.93.51.91
171,Diana,Bell,dbell4q@guardian.co.uk,Female,239.139.108.147
172,Kathryn,Lopez,klopez4r@issuu.com,Female,1.246.199.9
173,Joyce,Reyes,jreyes4s@purevolume.com,Female,205.2.19.13
174,Denise,Cooper,dcooper4t@gov.uk,Female,215.43.95.133
175,Rachel,Harvey,rharvey4u@ebay.co.uk,Female,175.19.19.239
176,Melissa,Castillo,mcastillo4v@hhs.gov,Female,247.230.30.42
177,Benjamin,Peterson,bpeterson4w@alibaba.com,Male,65.188.185.238
178,Wayne,Kennedy,wkennedy4x@diigo.com,Male,177.114.79.244
179,Fred,Phillips,fphillips4y@cnn.com,Male,208.226.43.201
180,Scott,Harper,sharper4z@sciencedaily.com,Male,232.94.41.211
181,Lillian,Hicks,lhicks50@samsung.com,Female,62.13.64.51
182,Carlos,Howard,choward51@opera.com,Male,192.229.72.221
183,Christina,Riley,criley52@umn.edu,Female,56.213.82.242
184,Robert,Ryan,rryan53@goo.ne.jp,Male,115.18.51.139
185,Lillian,Smith,lsmith54@mashable.com,Female,90.187.25.230
186,Andrea,Duncan,aduncan55@columbia.edu,Female,194.244.11.155
187,Justin,West,jwest56@mtv.com,Male,249.232.55.108
188,Justin,Flores,jflores57@chicagotribune.com,Male,98.3.157.208
189,Kimberly,Mendoza,kmendoza58@lycos.com,Female,200.108.91.75
190,Roger,Reynolds,rreynolds59@tamu.edu,Male,108.232.90.218
191,Anna,Owens,aowens5a@bizjournals.com,Female,92.181.143.33
192,Brenda,Stewart,bstewart5b@surveymonkey.com,Female,177.44.237.251
193,Marie,Hanson,mhanson5c@newsvine.com,Female,7.53.19.67
194,Lawrence,Dean,ldean5d@amazon.de,Male,213.45.30.66
195,Ann,Gilbert,agilbert5e@usgs.gov,Female,169.120.43.18
196,Dennis,Lane,dlane5f@unicef.org,Male,92.60.74.158
197,Jane,Johnston,jjohnston5g@gizmodo.com,Female,181.170.90.188
198,Judith,Roberts,jroberts5h@aboutads.info,Female,181.36.46.41
199,Larry,Clark,lclark5i@posterous.com,Male,165.223.143.104
200,Douglas,Elliott,delliott5j@state.gov,Male,204.167.251.188
201,Martha,Little,mlittle5k@opera.com,Female,190.194.153.57
202,Victor,Scott,vscott5l@tuttocitta.it,Male,52.38.99.203
203,Johnny,Fowler,jfowler5m@netlog.com,Male,146.100.143.184
204,Lori,Robinson,lrobinson5n@omniture.com,Female,34.146.195.238
205,Michelle,Mcdonald,mmcdonald5o@blogs.com,Female,204.24.68.155
206,Joan,Harper,jharper5p@jimdo.com,Female,245.19.249.34
207,Paul,Elliott,pelliott5q@adobe.com,Male,51.118.133.106
208,Susan,Butler,sbutler5r@tumblr.com,Female,143.98.137.134
209,Janet,Mcdonald,jmcdonald5s@bloglovin.com,Female,249.9.42.144
210,Robin,Howell,rhowell5t@amazon.com,Female,183.184.197.106
211,Steve,Baker,sbaker5u@wisc.edu,Male,245.70.203.194
212,Susan,Gomez,sgomez5v@live.com,Female,205.98.85.191
213,Sara,Gonzalez,sgonzalez5w@dyndns.org,Female,18.19.129.67
214,Evelyn,Davis,edavis5x@privacy.gov.au,Female,64.230.64.70
215,Karen,Tucker,ktucker5y@163.com,Female,3.5.251.6
216,Jesse,Ross,jross5z@networkadvertising.org,Male,207.136.221.35
217,Larry,Montgomery,lmontgomery60@globo.com,Male,166.225.15.118
218,Jesse,Gonzalez,jgonzalez61@ebay.com,Male,152.237.52.217
219,Billy,Bennett,bbennett62@paypal.com,Male,216.90.129.225
220,Linda,Nguyen,lnguyen63@xing.com,Female,0.211.178.175
221,Carl,Fields,cfields64@fc2.com,Male,97.82.87.251
222,Stephen,Wright,swright65@marketwatch.com,Male,78.180.205.210
223,Scott,Morgan,smorgan66@gmpg.org,Male,68.42.251.8
224,Laura,Ross,lross67@tamu.edu,Female,242.56.77.60
225,Gregory,Ortiz,gortiz68@businesswire.com,Male,31.85.221.152
226,Lisa,Gray,lgray69@phoca.cz,Female,170.219.198.82
227,Mark,Simmons,msimmons6a@addthis.com,Male,228.11.18.130
228,Ruth,Matthews,rmatthews6b@mail.ru,Female,59.242.234.148
229,Anna,Harrison,aharrison6c@livejournal.com,Female,195.239.39.218
230,Diane,Price,dprice6d@sitemeter.com,Female,206.27.148.108
231,Bruce,Washington,bwashington6e@buzzfeed.com,Male,196.176.67.91
232,Tina,King,tking6f@mtv.com,Female,172.73.85.102
233,Kevin,Carr,kcarr6g@etsy.com,Male,153.94.17.175
234,Jessica,Porter,jporter6h@umich.edu,Female,254.133.214.191
235,Sandra,Morrison,smorrison6i@mozilla.org,Female,82.179.186.121
236,Mark,Oliver,moliver6j@networksolutions.com,Male,23.104.134.90
237,Willie,Smith,wsmith6k@tiny.cc,Male,211.65.203.82
238,Cheryl,Hart,chart6l@archive.org,Female,213.70.85.3
239,Ralph,Russell,rrussell6m@home.pl,Male,98.90.52.191
240,Craig,Hernandez,chernandez6n@mapquest.com,Male,57.10.55.76
241,Bobby,Fisher,bfisher6o@amazon.com,Male,174.175.49.37
242,Julia,Olson,jolson6p@photobucket.com,Female,71.27.171.59
243,Jason,Cunningham,jcunningham6q@trellian.com,Male,61.112.41.63
244,Christina,Anderson,canderson6r@npr.org,Female,193.86.39.70
245,Bobby,Bennett,bbennett6s@sun.com,Male,200.134.65.233
246,Debra,Peters,dpeters6t@google.com.au,Female,180.95.73.26
247,Elizabeth,Myers,emyers6u@biblegateway.com,Female,246.71.137.203
248,Chris,Gardner,cgardner6v@about.me,Male,121.64.25.32
249,Wanda,Ferguson,wferguson6w@blinklist.com,Female,73.18.56.13
250,Ryan,Reyes,rreyes6x@cnn.com,Male,111.20.207.83
251,Gloria,Kim,gkim6y@pcworld.com,Female,78.177.185.50
252,Martha,Ford,mford6z@google.ru,Female,54.135.23.11
253,Donna,Moreno,dmoreno70@infoseek.co.jp,Female,101.35.98.156
254,Donna,Jones,djones71@tuttocitta.it,Female,36.125.24.170
255,Frank,Fox,ffox72@indiatimes.com,Male,228.83.194.153
256,Matthew,Grant,mgrant73@istockphoto.com,Male,163.66.121.162
257,Lois,Hughes,lhughes74@abc.net.au,Female,127.62.122.76
258,Laura,Hall,lhall75@gov.uk,Female,165.82.184.224
259,Jean,Ortiz,jortiz76@ed.gov,Female,222.106.59.92
260,Dorothy,Murray,dmurray77@gravatar.com,Female,13.166.153.122
261,Diana,Pierce,dpierce78@indiatimes.com,Female,244.10.49.16
262,Benjamin,Bell,bbell79@amazon.de,Male,39.5.96.216
263,Jose,Black,jblack7a@blogger.com,Male,184.11.23.206
264,Kathryn,Brown,kbrown7b@geocities.com,Female,20.246.172.105
265,Christina,Holmes,cholmes7c@wsj.com,Female,96.205.51.20
266,Michael,Thompson,mthompson7d@fotki.com,Male,187.137.133.211
267,Andrew,Lynch,alynch7e@cornell.edu,Male,54.114.138.48
268,Adam,Pierce,apierce7f@technorati.com,Male,14.43.14.67
269,Antonio,Lawson,alawson7g@phpbb.com,Male,227.177.240.251
270,Samuel,Ramos,sramos7h@earthlink.net,Male,121.111.67.106
271,Gregory,Jenkins,gjenkins7i@studiopress.com,Male,253.122.209.153
272,Ruby,Turner,rturner7j@comcast.net,Female,167.216.86.58
273,Daniel,Wilson,dwilson7k@ucoz.com,Male,18.35.236.194
274,Michelle,Cole,mcole7l@blogtalkradio.com,Female,222.72.243.142
275,Matthew,Evans,mevans7m@prweb.com,Male,149.127.127.221
276,Kathy,Morales,kmorales7n@fda.gov,Female,8.239.112.151
277,Douglas,Kelly,dkelly7o@mediafire.com,Male,196.224.245.75
278,Joan,Morgan,jmorgan7p@blogspot.com,Female,166.250.27.195
279,Doris,Banks,dbanks7q@diigo.com,Female,6.180.136.102
280,Dennis,Daniels,ddaniels7r@bluehost.com,Male,247.37.249.106
281,Patrick,Cox,pcox7s@sitemeter.com,Male,200.190.154.194
282,Tina,Fernandez,tfernandez7t@netvibes.com,Female,27.65.246.121
283,Shawn,Campbell,scampbell7u@umich.edu,Male,182.90.243.163
284,Lois,Brooks,lbrooks7v@rediff.com,Female,239.162.156.166
285,Earl,Davis,edavis7w@cornell.edu,Male,35.23.34.44
286,Patricia,Kim,pkim7x@census.gov,Female,7.86.64.168
287,Debra,Sanchez,dsanchez7y@si.edu,Female,220.108.230.199
288,George,Dunn,gdunn7z@msn.com,Male,95.97.107.143
289,Evelyn,Reyes,ereyes80@samsung.com,Female,224.36.219.102
290,Janet,Hawkins,jhawkins81@skype.com,Female,204.61.157.157
291,Matthew,White,mwhite82@youku.com,Male,190.36.3.112
292,Edward,Kim,ekim83@harvard.edu,Male,40.200.71.70
293,Katherine,Collins,kcollins84@flickr.com,Female,105.106.93.63
294,Gerald,Hernandez,ghernandez85@gnu.org,Male,132.12.151.35
295,Joyce,Lee,jlee86@behance.net,Female,79.114.145.37
296,David,Bowman,dbowman87@bloomberg.com,Male,116.78.175.135
297,Ruth,Sanders,rsanders88@illinois.edu,Female,31.32.221.25
298,Henry,Pierce,hpierce89@upenn.edu,Male,63.211.150.36
299,Michelle,Palmer,mpalmer8a@twitpic.com,Female,8.215.155.14
300,Russell,Wood,rwood8b@nymag.com,Male,139.1.29.62
301,Catherine,Wells,cwells8c@youtube.com,Female,151.248.187.144
302,Andrea,Hart,ahart8d@gravatar.com,Female,237.158.149.9
303,Thomas,Owens,towens8e@unicef.org,Male,48.219.131.131
304,Jason,Harris,jharris8f@delicious.com,Male,142.249.146.152
305,Scott,Taylor,staylor8g@google.com.au,Male,144.99.190.36
306,Jeremy,Hernandez,jhernandez8h@columbia.edu,Male,49.103.93.213
307,Evelyn,Simmons,esimmons8i@cpanel.net,Female,186.110.218.191
308,Billy,Bowman,bbowman8j@etsy.com,Male,137.210.113.174
309,Michelle,Pierce,mpierce8k@thetimes.co.uk,Female,240.185.204.87
310,Terry,Boyd,tboyd8l@webeden.co.uk,Male,27.62.58.44
311,Lillian,Taylor,ltaylor8m@prlog.org,Female,67.191.11.98
312,Andrea,Harris,aharris8n@sbwire.com,Female,201.255.196.46
313,Tammy,Rivera,trivera8o@cdc.gov,Female,117.248.100.228
314,Eric,Sanchez,esanchez8p@live.com,Male,168.1.241.166
315,Kathryn,Armstrong,karmstrong8q@weibo.com,Female,123.95.161.196
316,Anna,Clark,aclark8r@ft.com,Female,113.153.11.16
317,Albert,Collins,acollins8s@simplemachines.org,Male,25.149.139.89
318,Bonnie,Stone,bstone8t@acquirethisname.com,Female,31.141.170.92
319,Elizabeth,Lewis,elewis8u@unc.edu,Female,242.40.99.189
320,Lawrence,Moore,lmoore8v@etsy.com,Male,94.46.54.192
321,Evelyn,Little,elittle8w@amazon.co.uk,Female,11.133.52.75
322,Fred,Harrison,fharrison8x@etsy.com,Male,40.206.89.109
323,Deborah,Dunn,ddunn8y@wordpress.org,Female,230.61.192.61
324,Ryan,Reyes,rreyes8z@biblegateway.com,Male,212.25.21.4
325,Judith,Taylor,jtaylor90@123-reg.co.uk,Female,41.97.142.11
326,Susan,Parker,sparker91@list-manage.com,Female,188.55.106.157
327,Keith,Moreno,kmoreno92@google.com.br,Male,163.11.113.176
328,Angela,Payne,apayne93@odnoklassniki.ru,Female,124.132.184.26
329,Roy,Robinson,rrobinson94@myspace.com,Male,27.21.4.63
330,Sharon,Bell,sbell95@businessinsider.com,Female,15.33.168.254
331,Donna,Gardner,dgardner96@arizona.edu,Female,205.203.4.60
332,Phyllis,Cole,pcole97@netvibes.com,Female,62.31.219.230
333,Fred,Welch,fwelch98@blinklist.com,Male,37.135.203.241
334,Jessica,Williams,jwilliams99@de.vu,Female,169.77.59.137
335,Norma,Peters,npeters9a@businesswire.com,Female,118.251.115.223
336,Norma,Myers,nmyers9b@imageshack.us,Female,120.50.157.143
337,Sarah,Murphy,smurphy9c@oracle.com,Female,250.152.160.101
338,Timothy,Carpenter,tcarpenter9d@reuters.com,Male,66.56.24.152
339,Paul,Dixon,pdixon9e@ifeng.com,Male,244.221.128.146
340,Harold,Murphy,hmurphy9f@issuu.com,Male,212.40.191.189
341,Andrew,Wilson,awilson9g@bbc.co.uk,Male,209.240.249.81
342,Lori,Stewart,lstewart9h@ucoz.com,Female,208.71.173.13
343,Carol,Carter,ccarter9i@behance.net,Female,111.140.128.41
344,Alan,Stevens,astevens9j@bbb.org,Male,54.233.188.94
345,Marilyn,Larson,mlarson9k@joomla.org,Female,10.188.176.12
346,Kathy,Weaver,kweaver9l@oracle.com,Female,19.79.116.96
347,Debra,James,djames9m@shinystat.com,Female,216.131.106.41
348,Jacqueline,Woods,jwoods9n@ebay.co.uk,Female,156.251.104.213
349,Debra,Peters,dpeters9o@mayoclinic.com,Female,36.241.195.101
350,Joyce,Carter,jcarter9p@hugedomains.com,Female,131.52.211.202
351,Daniel,Hamilton,dhamilton9q@samsung.com,Male,169.95.185.15
352,Tammy,Matthews,tmatthews9r@fema.gov,Female,51.168.175.116
353,Christina,Adams,cadams9s@histats.com,Female,155.69.6.114
354,Cheryl,Hanson,chanson9t@go.com,Female,211.250.184.169
355,Benjamin,Little,blittle9u@slideshare.net,Male,115.119.50.91
356,Carl,Taylor,ctaylor9v@shinystat.com,Male,16.226.115.161
357,Brian,Cooper,bcooper9w@a8.net,Male,240.58.174.234
358,Larry,Gordon,lgordon9x@t.co,Male,90.178.122.128
359,William,Knight,wknight9y@usnews.com,Male,19.114.15.191
360,Carolyn,Johnston,cjohnston9z@jigsy.com,Female,49.231.229.86
361,Tammy,Moore,tmoorea0@wsj.com,Female,69.233.0.108
362,Henry,Hansen,hhansena1@google.com.hk,Male,76.46.156.30
363,Ralph,Oliver,rolivera2@blogger.com,Male,30.175.136.215
364,Karen,Wright,kwrighta3@businessinsider.com,Female,68.140.53.251
365,Wayne,Lawson,wlawsona4@multiply.com,Male,71.90.235.191
366,Russell,Fuller,rfullera5@rediff.com,Male,39.10.90.123
367,Martin,Harris,mharrisa6@japanpost.jp,Male,136.77.19.40
368,Nicole,Freeman,nfreemana7@miitbeian.gov.cn,Female,108.89.3.181
369,Stephanie,Duncan,sduncana8@mapy.cz,Female,173.88.132.55
370,Terry,Ward,twarda9@google.com.au,Male,174.81.119.28
371,Doris,Nguyen,dnguyenaa@ox.ac.uk,Female,2.237.126.171
372,George,Dixon,gdixonab@ocn.ne.jp,Male,152.218.103.245
373,Ashley,Cunningham,acunninghamac@sbwire.com,Female,177.75.108.196
374,Aaron,Mccoy,amccoyad@europa.eu,Male,117.158.41.203
375,Randy,Fields,rfieldsae@independent.co.uk,Male,101.14.103.82
376,Julia,Parker,jparkeraf@google.ca,Female,66.91.152.136
377,Albert,Nelson,anelsonag@hc360.com,Male,249.193.146.113
378,Henry,Lopez,hlopezah@whitehouse.gov,Male,50.157.112.122
379,Janice,Morales,jmoralesai@bizjournals.com,Female,78.96.119.240
380,Jimmy,Dean,jdeanaj@liveinternet.ru,Male,178.88.159.26
381,Kenneth,Bell,kbellak@discuz.net,Male,189.25.27.31
382,Jose,Hughes,jhughesal@parallels.com,Male,54.43.128.218
383,Scott,Willis,swillisam@paypal.com,Male,126.220.61.7
384,Denise,Freeman,dfreemanan@uol.com.br,Female,34.235.184.87
385,Justin,Moreno,jmorenoao@toplist.cz,Male,127.242.14.159
386,Shirley,Hudson,shudsonap@reverbnation.com,Female,166.13.50.107
387,Daniel,Thompson,dthompsonaq@weather.com,Male,34.53.97.72
388,Judy,Stephens,jstephensar@elegantthemes.com,Female,63.216.214.41
389,Andrea,Reed,areedas@over-blog.com,Female,98.131.254.132
390,Jose,Hicks,jhicksat@mozilla.com,Male,57.141.48.111
391,Donald,James,djamesau@google.com.br,Male,97.16.223.185
392,Bruce,Peterson,bpetersonav@netscape.com,Male,2.190.26.249
393,Ernest,Dean,edeanaw@unblog.fr,Male,62.88.227.109
394,Pamela,Ruiz,pruizax@geocities.jp,Female,43.116.132.159
395,Wayne,Cole,wcoleay@howstuffworks.com,Male,55.66.25.111
396,Jacqueline,Mendoza,jmendozaaz@miitbeian.gov.cn,Female,60.211.202.196
397,Jennifer,Gonzalez,jgonzalezb0@businesswire.com,Female,214.189.148.44
398,Karen,Jackson,kjacksonb1@jiathis.com,Female,239.165.89.174
399,Lillian,Flores,lfloresb2@tamu.edu,Female,65.160.91.179
400,Joe,Simpson,jsimpsonb3@goodreads.com,Male,117.132.87.11
401,Douglas,Baker,dbakerb4@storify.com,Male,35.236.250.180
402,Debra,Coleman,dcolemanb5@amazonaws.com,Female,16.213.212.65
403,Martin,Peters,mpetersb6@fc2.com,Male,151.88.130.207
404,Jose,Armstrong,jarmstrongb7@canalblog.com,Male,45.246.196.163
405,Christine,Ruiz,cruizb8@opensource.org,Female,54.126.19.103
406,Charles,Warren,cwarrenb9@tmall.com,Male,42.36.188.37
407,Jean,Long,jlongba@g.co,Female,157.127.171.46
408,Carl,Weaver,cweaverbb@home.pl,Male,35.146.78.138
409,Matthew,Harris,mharrisbc@mediafire.com,Male,214.54.84.189
410,Scott,Schmidt,sschmidtbd@hostgator.com,Male,80.174.58.41
411,Annie,Butler,abutlerbe@surveymonkey.com,Female,179.169.218.7
412,Jason,Carter,jcarterbf@princeton.edu,Male,166.44.127.47
413,Billy,Walker,bwalkerbg@utexas.edu,Male,121.160.5.204
414,Rachel,Burns,rburnsbh@dion.ne.jp,Female,199.98.233.217
415,Raymond,Smith,rsmithbi@sourceforge.net,Male,196.232.216.1
416,Brian,Long,blongbj@pagesperso-orange.fr,Male,58.12.188.240
417,Timothy,Rice,tricebk@forbes.com,Male,249.55.124.70
418,Jennifer,Wagner,jwagnerbl@bbb.org,Female,56.32.239.247
419,Andrea,Harris,aharrisbm@loc.gov,Female,203.160.11.182
420,Ryan,Burke,rburkebn@fema.gov,Male,52.98.34.240
421,Aaron,Diaz,adiazbo@tamu.edu,Male,126.120.159.209
422,Mark,Jackson,mjacksonbp@admin.ch,Male,100.187.218.214
423,Jack,Smith,jsmithbq@usa.gov,Male,20.10.54.144
424,Jessica,Wells,jwellsbr@cnet.com,Female,105.148.51.10
425,Mark,Hughes,mhughesbs@arstechnica.com,Male,99.117.96.95
426,Mildred,Wilson,mwilsonbt@ow.ly,Female,145.237.232.146
427,Brian,Johnson,bjohnsonbu@java.com,Male,41.33.99.17
428,Russell,Powell,rpowellbv@google.fr,Male,58.243.46.0
429,Theresa,Elliott,telliottbw@statcounter.com,Female,157.195.216.5
430,Anna,Lawson,alawsonbx@lycos.com,Female,239.70.92.99
431,Craig,Dixon,cdixonby@comcast.net,Male,199.151.145.60
432,Kelly,Bryant,kbryantbz@wsj.com,Female,243.252.240.101
433,Carolyn,Perkins,cperkinsc0@cnbc.com,Female,163.38.79.144
434,Andrew,Warren,awarrenc1@vistaprint.com,Male,152.215.27.238
435,Judy,Harrison,jharrisonc2@boston.com,Female,153.140.222.173
436,Peter,Snyder,psnyderc3@eventbrite.com,Male,144.187.92.6
437,Kathleen,Freeman,kfreemanc4@wsj.com,Female,223.131.230.198
438,Wanda,Little,wlittlec5@mail.ru,Female,251.243.28.34
439,Keith,Daniels,kdanielsc6@shinystat.com,Male,105.177.124.148
440,Cheryl,Ramos,cramosc7@4shared.com,Female,235.124.98.145
441,Billy,Ford,bfordc8@amazonaws.com,Male,41.179.175.8
442,Earl,Reynolds,ereynoldsc9@indiegogo.com,Male,46.246.129.178
443,Christine,Porter,cporterca@zdnet.com,Female,157.188.9.182
444,Raymond,Scott,rscottcb@liveinternet.ru,Male,5.206.115.35
445,Paul,Hall,phallcc@columbia.edu,Male,24.63.249.217
446,Anne,Wheeler,awheelercd@arizona.edu,Female,158.116.196.169
447,Frank,Gonzalez,fgonzalezce@bluehost.com,Male,182.153.205.112
448,Mary,Hall,mhallcf@hud.gov,Female,80.127.226.6
449,Frances,Harper,fharpercg@linkedin.com,Female,56.76.109.80
450,Amanda,White,awhitech@goo.gl,Female,90.78.249.219
451,Heather,Weaver,hweaverci@mapquest.com,Female,49.47.139.40
452,Tammy,Hanson,thansoncj@xrea.com,Female,205.193.149.72
453,Teresa,Stewart,tstewartck@google.it,Female,165.109.62.150
454,Heather,Butler,hbutlercl@fastcompany.com,Female,31.104.132.113
455,Evelyn,Gutierrez,egutierrezcm@hao123.com,Female,111.79.58.208
456,Angela,Daniels,adanielscn@tiny.cc,Female,105.171.56.66
457,Timothy,Shaw,tshawco@over-blog.com,Male,44.5.181.88
458,Aaron,Harris,aharriscp@shop-pro.jp,Male,240.253.201.80
459,Dorothy,Martinez,dmartinezcq@cnn.com,Female,43.9.202.81
460,Julie,Mcdonald,jmcdonaldcr@harvard.edu,Female,103.41.10.80
461,Earl,Scott,escottcs@amazon.com,Male,121.128.175.205
462,Douglas,Myers,dmyersct@go.com,Male,169.70.132.225
463,Sara,Rice,sricecu@mozilla.org,Female,165.226.219.175
464,Brian,Stone,bstonecv@mapquest.com,Male,250.155.127.147
465,Melissa,Edwards,medwardscw@census.gov,Female,1.232.71.177
466,Marilyn,Knight,mknightcx@github.io,Female,104.36.90.244
467,Victor,Simmons,vsimmonscy@youtu.be,Male,198.156.117.85
468,Annie,Gordon,agordoncz@ft.com,Female,116.190.3.24
469,Chris,Alexander,calexanderd0@cornell.edu,Male,6.163.10.144
470,Steve,Daniels,sdanielsd1@sogou.com,Male,57.170.25.166
471,Joe,Reynolds,jreynoldsd2@fc2.com,Male,150.78.165.156
472,Teresa,Chapman,tchapmand3@geocities.com,Female,1.154.61.161
473,Peter,Mcdonald,pmcdonaldd4@reference.com,Male,17.105.91.162
474,Jane,Dixon,jdixond5@istockphoto.com,Female,62.130.159.199
475,Jack,Marshall,jmarshalld6@imgur.com,Male,224.105.56.80
476,Willie,Thompson,wthompsond7@msn.com,Male,176.78.45.85
477,Melissa,Hunter,mhunterd8@globo.com,Female,200.63.126.243
478,Joshua,Mitchell,jmitchelld9@rediff.com,Male,161.74.102.157
479,Ann,Vasquez,avasquezda@tripadvisor.com,Female,26.196.115.122
480,Ruth,Dean,rdeandb@yahoo.co.jp,Female,162.116.107.90
481,Gary,Mcdonald,gmcdonalddc@cpanel.net,Male,24.208.148.39
482,Annie,Thomas,athomasdd@google.cn,Female,63.72.215.182
483,Jean,Hill,jhillde@spotify.com,Female,107.54.224.68
484,Diane,Graham,dgrahamdf@wordpress.org,Female,93.188.187.189
485,Gerald,Hall,ghalldg@lycos.com,Male,50.178.146.98
486,Harry,Morales,hmoralesdh@wikispaces.com,Male,14.150.70.170
487,Helen,Holmes,hholmesdi@twitter.com,Female,41.45.66.112
488,Kathryn,Murray,kmurraydj@newyorker.com,Female,225.30.197.60
489,Wayne,Smith,wsmithdk@rambler.ru,Male,220.114.27.2
490,Edward,Gonzalez,egonzalezdl@google.nl,Male,254.52.215.161
491,Russell,Gardner,rgardnerdm@weebly.com,Male,244.106.210.236
492,Ralph,Lee,rleedn@liveinternet.ru,Male,214.234.147.97
493,Mary,King,mkingdo@123-reg.co.uk,Female,180.109.5.196
494,John,Brooks,jbrooksdp@answers.com,Male,215.159.126.81
495,Mildred,Franklin,mfranklindq@microsoft.com,Female,126.104.247.1
496,Melissa,Thomas,mthomasdr@last.fm,Female,176.102.137.93
497,Christopher,Weaver,cweaverds@sfgate.com,Male,101.82.1.255
498,Kenneth,Lynch,klynchdt@posterous.com,Male,184.106.179.210
499,Linda,Martinez,lmartinezdu@typepad.com,Female,208.18.141.69
500,Beverly,Bennett,bbennettdv@sciencedirect.com,Female,85.127.219.152
501,Jack,Adams,jadamsdw@prweb.com,Male,131.159.160.119
502,George,Collins,gcollinsdx@moonfruit.com,Male,246.10.60.136
503,Denise,Chavez,dchavezdy@hugedomains.com,Female,40.180.148.242
504,Joyce,Wilson,jwilsondz@amazon.co.jp,Female,48.198.155.53
505,Kathryn,Price,kpricee0@ebay.co.uk,Female,124.227.107.34
506,Jeremy,King,jkinge1@cdbaby.com,Male,153.25.184.161
507,Denise,Elliott,delliotte2@lycos.com,Female,232.233.175.226
508,Martin,Romero,mromeroe3@google.fr,Male,135.22.158.140
509,Ralph,Harrison,rharrisone4@dot.gov,Male,130.189.216.148
510,Mary,Freeman,mfreemane5@sakura.ne.jp,Female,240.184.140.210
511,Linda,Fields,lfieldse6@sitemeter.com,Female,103.243.184.7
512,Anthony,Stone,astonee7@unblog.fr,Male,34.239.186.75
513,Peter,Myers,pmyerse8@1688.com,Male,211.193.233.62
514,Peter,Gordon,pgordone9@free.fr,Male,170.145.149.116
515,Christine,Shaw,cshawea@histats.com,Female,225.163.11.20
516,Gerald,West,gwesteb@nature.com,Male,61.204.94.140
517,Sandra,Meyer,smeyerec@accuweather.com,Female,37.67.166.117
518,Benjamin,Watson,bwatsoned@nih.gov,Male,26.97.80.19
519,Martha,Richardson,mrichardsonee@virginia.edu,Female,2.95.102.34
520,Justin,Austin,jaustinef@google.ca,Male,198.32.180.244
521,Jack,Hughes,jhugheseg@csmonitor.com,Male,53.74.86.87
522,Heather,Campbell,hcampbelleh@virginia.edu,Female,71.243.235.135
523,Alice,Coleman,acolemanei@51.la,Female,125.124.170.141
524,Edward,Fox,efoxej@g.co,Male,75.67.52.126
525,Tina,Robertson,trobertsonek@networksolutions.com,Female,239.211.84.19
526,Diane,Ward,dwardel@dailymail.co.uk,Female,164.123.133.92
527,Steve,Stanley,sstanleyem@examiner.com,Male,177.14.204.211
528,Mary,Griffin,mgriffinen@bloglovin.com,Female,120.222.170.195
529,Helen,Watkins,hwatkinseo@people.com.cn,Female,141.155.155.157
530,Theresa,Daniels,tdanielsep@people.com.cn,Female,60.54.146.214
531,Julia,Arnold,jarnoldeq@home.pl,Female,135.60.106.212
532,Emily,Barnes,ebarneser@noaa.gov,Female,82.137.191.167
533,Carlos,Larson,clarsones@amazonaws.com,Male,209.202.8.218
534,Judy,Evans,jevanset@facebook.com,Female,2.181.104.227
535,Eric,Torres,etorreseu@imdb.com,Male,81.255.150.113
536,Melissa,Graham,mgrahamev@army.mil,Female,12.68.136.113
537,Craig,Weaver,cweaverew@patch.com,Male,203.178.51.82
538,Paula,Lawrence,plawrenceex@auda.org.au,Female,130.241.118.4
539,Kevin,Fields,kfieldsey@blinklist.com,Male,165.186.75.219
540,Earl,Ellis,eellisez@unc.edu,Male,236.190.204.94
541,Sharon,Crawford,scrawfordf0@abc.net.au,Female,113.46.78.218
542,Irene,Mills,imillsf1@clickbank.net,Female,173.66.214.191
543,Elizabeth,West,ewestf2@yellowbook.com,Female,231.140.186.61
544,Ryan,Gomez,rgomezf3@imageshack.us,Male,36.226.203.226
545,Carol,Harris,charrisf4@gov.uk,Female,76.127.136.1
546,Evelyn,Tucker,etuckerf5@netlog.com,Female,18.75.241.107
547,Jacqueline,Fernandez,jfernandezf6@state.gov,Female,184.6.104.130
548,Laura,Frazier,lfrazierf7@goo.ne.jp,Female,48.219.76.126
549,Carl,Wells,cwellsf8@clickbank.net,Male,217.167.204.167
550,Dennis,Pierce,dpiercef9@aboutads.info,Male,236.98.177.21
551,Bruce,Carr,bcarrfa@nydailynews.com,Male,212.160.156.11
552,Donna,Collins,dcollinsfb@telegraph.co.uk,Female,169.102.173.44
553,Steve,Cruz,scruzfc@unesco.org,Male,1.164.120.226
554,Jason,Berry,jberryfd@bluehost.com,Male,121.228.88.43
555,Daniel,Armstrong,darmstrongfe@clickbank.net,Male,175.220.101.117
556,Nancy,Smith,nsmithff@wikipedia.org,Female,50.237.234.50
557,Kenneth,Wilson,kwilsonfg@ft.com,Male,230.115.219.9
558,Rebecca,White,rwhitefh@reddit.com,Female,83.151.148.200
559,Todd,West,twestfi@about.com,Male,207.255.212.209
560,Heather,Richardson,hrichardsonfj@wp.com,Female,239.32.131.43
561,Ruby,Ray,rrayfk@instagram.com,Female,209.85.198.25
562,Christine,Harrison,charrisonfl@census.gov,Female,91.47.240.47
563,John,Alexander,jalexanderfm@behance.net,Male,136.79.251.154
564,Anna,Coleman,acolemanfn@people.com.cn,Female,219.7.5.27
565,Lois,Butler,lbutlerfo@naver.com,Female,6.238.137.125
566,Bobby,Little,blittlefp@joomla.org,Male,91.219.158.30
567,John,Cruz,jcruzfq@nhs.uk,Male,103.252.6.129
568,Rachel,Nguyen,rnguyenfr@jugem.jp,Female,38.15.50.144
569,Julie,James,jjamesfs@ustream.tv,Female,168.129.79.72
570,Carlos,Romero,cromeroft@360.cn,Male,0.152.196.9
571,Terry,Willis,twillisfu@odnoklassniki.ru,Male,197.244.219.59
572,Billy,Mccoy,bmccoyfv@oaic.gov.au,Male,15.242.108.157
573,Joshua,Garza,jgarzafw@google.com.hk,Male,219.247.173.130
574,Ronald,Fernandez,rfernandezfx@intel.com,Male,2.181.83.229
575,Katherine,Ellis,kellisfy@yellowbook.com,Female,67.85.17.54
576,Samuel,Wallace,swallacefz@boston.com,Male,123.166.212.210
577,Alan,Scott,ascottg0@chronoengine.com,Male,18.218.236.128
578,Anthony,Schmidt,aschmidtg1@lulu.com,Male,135.8.144.178
579,Robert,Murray,rmurrayg2@imgur.com,Male,208.43.54.241
580,Earl,Warren,ewarreng3@nyu.edu,Male,106.112.57.150
581,Ralph,Turner,rturnerg4@chron.com,Male,149.55.203.135
582,Aaron,Franklin,afrankling5@cdbaby.com,Male,116.206.211.80
583,Sarah,Romero,sromerog6@marketwatch.com,Female,192.68.188.227
584,Ryan,Hughes,rhughesg7@ask.com,Male,5.5.228.52
585,Gary,Porter,gporterg8@time.com,Male,124.176.229.122
586,Shirley,Greene,sgreeneg9@123-reg.co.uk,Female,56.139.31.183
587,Kelly,Bowman,kbowmanga@odnoklassniki.ru,Female,205.175.136.130
588,Julie,Willis,jwillisgb@dot.gov,Female,45.211.73.214
589,Carlos,Hicks,chicksgc@dropbox.com,Male,37.76.9.97
590,Theresa,Lane,tlanegd@salon.com,Female,237.222.195.28
591,Clarence,Reed,creedge@hc360.com,Male,44.3.83.76
592,Barbara,Howell,bhowellgf@reverbnation.com,Female,105.84.195.128
593,Bobby,Flores,bfloresgg@europa.eu,Male,199.149.246.72
594,Mark,Murphy,mmurphygh@fc2.com,Male,4.118.118.209
595,Angela,Arnold,aarnoldgi@cpanel.net,Female,84.73.235.111
596,Sharon,Wallace,swallacegj@wiley.com,Female,170.164.27.128
597,Michael,Martinez,mmartinezgk@domainmarket.com,Male,218.163.5.238
598,Steven,Carter,scartergl@google.com.hk,Male,249.67.59.163
599,Sandra,Davis,sdavisgm@friendfeed.com,Female,228.172.82.241
600,John,Wilson,jwilsongn@theglobeandmail.com,Male,145.85.159.63
601,Marie,Ward,mwardgo@theglobeandmail.com,Female,201.246.206.12
602,Roger,Wells,rwellsgp@java.com,Male,198.177.246.192
603,Daniel,Ferguson,dfergusongq@woothemes.com,Male,214.141.79.50
604,Howard,Gutierrez,hgutierrezgr@ted.com,Male,57.105.223.22
605,Karen,Mitchell,kmitchellgs@springer.com,Female,129.89.44.164
606,Gloria,Hughes,ghughesgt@wired.com,Female,105.207.13.233
607,Elizabeth,Wagner,ewagnergu@nbcnews.com,Female,253.27.98.123
608,Lisa,Gibson,lgibsongv@sogou.com,Female,143.190.57.40
609,Ruth,Harrison,rharrisongw@ow.ly,Female,246.108.76.170
610,Andrea,Ray,araygx@narod.ru,Female,244.233.186.181
611,Lois,Wheeler,lwheelergy@opera.com,Female,152.136.77.81
612,James,Spencer,jspencergz@ameblo.jp,Male,45.119.34.52
613,Juan,Morgan,jmorganh0@senate.gov,Male,13.147.251.128
614,Angela,Hall,ahallh1@cdc.gov,Female,136.99.213.212
615,Richard,Evans,revansh2@addthis.com,Male,95.85.172.151
616,Carlos,Anderson,candersonh3@xrea.com,Male,208.241.98.124
617,Lillian,Burke,lburkeh4@opensource.org,Female,151.31.106.163
618,Louise,Moore,lmooreh5@statcounter.com,Female,128.236.178.106
619,Brian,Stephens,bstephensh6@craigslist.org,Male,253.14.180.142
620,Carol,Fowler,cfowlerh7@marriott.com,Female,4.206.129.204
621,Angela,Vasquez,avasquezh8@tripod.com,Female,34.55.153.79
622,Doris,Davis,ddavish9@meetup.com,Female,105.85.152.73
623,Todd,Fox,tfoxha@ucsd.edu,Male,116.115.244.33
624,Anne,Gutierrez,agutierrezhb@gravatar.com,Female,108.106.42.207
625,Terry,Moore,tmoorehc@nih.gov,Male,58.58.181.131
626,Joyce,Johnson,jjohnsonhd@dailymotion.com,Female,227.172.127.68
627,Wayne,Burke,wburkehe@google.ru,Male,16.96.82.141
628,Helen,Harvey,hharveyhf@theatlantic.com,Female,196.74.137.243
629,Irene,Reid,ireidhg@ezinearticles.com,Female,174.113.122.36
630,Christina,Walker,cwalkerhh@1und1.de,Female,76.174.16.116
631,Stephanie,Turner,sturnerhi@ucla.edu,Female,70.180.16.100
632,Amy,Anderson,aandersonhj@shinystat.com,Female,244.219.168.187
633,Justin,Wallace,jwallacehk@house.gov,Male,118.144.53.38
634,Amy,Reed,areedhl@nymag.com,Female,41.58.12.32
635,Kenneth,Wells,kwellshm@t.co,Male,10.80.248.137
636,Kenneth,King,kkinghn@nasa.gov,Male,147.215.226.72
637,Beverly,Gibson,bgibsonho@who.int,Female,213.132.247.253
638,Catherine,Kennedy,ckennedyhp@home.pl,Female,151.173.164.52
639,Douglas,Gonzales,dgonzaleshq@state.tx.us,Male,17.251.8.1
640,Richard,Weaver,rweaverhr@bigcartel.com,Male,69.107.54.186
641,Justin,Burton,jburtonhs@bandcamp.com,Male,223.172.149.8
642,Nicole,Peters,npetersht@shutterfly.com,Female,204.168.153.238
643,Marilyn,Kelley,mkelleyhu@cam.ac.uk,Female,8.43.7.173
644,Martin,Nelson,mnelsonhv@ovh.net,Male,32.67.131.229
645,Antonio,Washington,awashingtonhw@google.ca,Male,59.75.174.196
646,Rachel,Watkins,rwatkinshx@abc.net.au,Female,75.246.58.181
647,Paula,Ross,prosshy@unesco.org,Female,228.43.39.34
648,Martin,Hicks,mhickshz@weibo.com,Male,67.168.222.82
649,Kathryn,Fox,kfoxi0@bluehost.com,Female,143.9.60.43
650,Timothy,Harper,tharperi1@tripadvisor.com,Male,60.121.12.172
651,Diana,Moore,dmoorei2@theglobeandmail.com,Female,75.196.30.137
652,Todd,Richards,trichardsi3@house.gov,Male,113.90.189.192
653,Gregory,Robinson,grobinsoni4@oaic.gov.au,Male,95.55.121.108
654,Cheryl,Willis,cwillisi5@epa.gov,Female,84.19.180.225
655,Michael,Wilson,mwilsoni6@alibaba.com,Male,49.27.199.27
656,Lois,Young,lyoungi7@google.com.au,Female,8.191.151.17
657,Howard,West,hwesti8@webs.com,Male,251.132.30.247
658,Jason,Bennett,jbennetti9@mashable.com,Male,85.0.209.182
659,David,Brown,dbrownia@histats.com,Male,17.171.227.11
660,Amanda,Lawrence,alawrenceib@diigo.com,Female,144.104.99.182
661,Terry,Knight,tknightic@sciencedirect.com,Male,141.21.130.106
662,Nancy,Riley,nrileyid@marketwatch.com,Female,106.245.58.167
663,Benjamin,Johnson,bjohnsonie@craigslist.org,Male,69.104.48.69
664,Kathleen,James,kjamesif@apple.com,Female,121.152.105.107
665,Kathy,Webb,kwebbig@sina.com.cn,Female,235.30.35.244
666,Gloria,Smith,gsmithih@networkadvertising.org,Female,181.243.243.194
667,Jean,Lawson,jlawsonii@princeton.edu,Female,149.43.39.127
668,Earl,Knight,eknightij@networksolutions.com,Male,116.102.187.145
669,Joseph,Freeman,jfreemanik@microsoft.com,Male,242.131.78.195
670,Karen,Fisher,kfisheril@dyndns.org,Female,11.39.83.46
671,Norma,Williams,nwilliamsim@slate.com,Female,236.175.132.58
672,Doris,Robertson,drobertsonin@dropbox.com,Female,195.57.101.63
673,Wayne,Cole,wcoleio@furl.net,Male,123.14.198.31
674,Juan,Brooks,jbrooksip@livejournal.com,Male,225.85.170.38
675,Shirley,Burns,sburnsiq@icio.us,Female,19.146.29.212
676,Larry,Jones,ljonesir@woothemes.com,Male,41.54.159.193
677,Steve,Washington,swashingtonis@fc2.com,Male,87.230.104.43
678,Carol,Armstrong,carmstrongit@multiply.com,Female,237.204.163.143
679,Stephanie,Lane,slaneiu@statcounter.com,Female,28.48.100.228
680,Daniel,Perez,dpereziv@privacy.gov.au,Male,23.51.180.218
681,Joe,Stanley,jstanleyiw@bbc.co.uk,Male,225.187.144.222
682,Ruth,Rogers,rrogersix@wix.com,Female,250.52.23.181
683,Shawn,Phillips,sphillipsiy@aboutads.info,Male,82.186.73.152
684,Martha,Ramirez,mramireziz@statcounter.com,Female,238.122.9.22
685,Shirley,Gordon,sgordonj0@deviantart.com,Female,239.168.57.118
686,Keith,Miller,kmillerj1@reddit.com,Male,136.136.199.54
687,Michelle,Frazier,mfrazierj2@elpais.com,Female,209.205.206.12
688,Larry,Lopez,llopezj3@wsj.com,Male,97.119.195.31
689,Debra,Frazier,dfrazierj4@angelfire.com,Female,179.232.116.60
690,Howard,Ellis,hellisj5@si.edu,Male,136.33.52.20
691,Lori,Fox,lfoxj6@msu.edu,Female,246.52.183.138
692,Irene,Gilbert,igilbertj7@tripod.com,Female,16.68.78.126
693,John,Clark,jclarkj8@princeton.edu,Male,227.178.43.94
694,Roger,Gibson,rgibsonj9@symantec.com,Male,213.213.133.158
695,Harold,Hansen,hhansenja@g.co,Male,59.34.101.6
696,Bruce,Cole,bcolejb@yellowpages.com,Male,227.112.117.76
697,Paula,Wright,pwrightjc@quantcast.com,Female,117.173.22.219
698,Victor,Andrews,vandrewsjd@alexa.com,Male,100.80.144.23
699,Ryan,Grant,rgrantje@slideshare.net,Male,166.109.189.42
700,Terry,Adams,tadamsjf@bbc.co.uk,Male,220.112.171.126
701,Harold,Gray,hgrayjg@imdb.com,Male,9.131.79.248
702,William,Perez,wperezjh@odnoklassniki.ru,Male,248.238.126.9
703,Thomas,Burke,tburkeji@nydailynews.com,Male,9.135.131.169
704,Deborah,Edwards,dedwardsjj@nationalgeographic.com,Female,188.233.61.103
705,Debra,Thomas,dthomasjk@wired.com,Female,251.138.130.141
706,Laura,Morrison,lmorrisonjl@hao123.com,Female,245.32.246.131
707,Jane,Lawson,jlawsonjm@pbs.org,Female,52.118.158.204
708,Christine,Walker,cwalkerjn@feedburner.com,Female,173.150.173.31
709,Janice,Ramirez,jramirezjo@arizona.edu,Female,137.152.10.155
710,Jeffrey,Lee,jleejp@shinystat.com,Male,3.169.231.47
711,Ronald,Marshall,rmarshalljq@exblog.jp,Male,209.84.99.82
712,Kathryn,Montgomery,kmontgomeryjr@canalblog.com,Female,210.187.12.68
713,Andrea,Ford,afordjs@github.com,Female,2.68.144.22
714,Bruce,Gonzales,bgonzalesjt@last.fm,Male,221.210.213.33
715,Ronald,Davis,rdavisju@cafepress.com,Male,95.53.226.139
716,Ashley,Gilbert,agilbertjv@scientificamerican.com,Female,99.72.124.125
717,Sharon,Flores,sfloresjw@baidu.com,Female,40.175.182.146
718,Diane,Ross,drossjx@cocolog-nifty.com,Female,202.53.233.245
719,Matthew,Armstrong,marmstrongjy@oaic.gov.au,Male,13.213.207.156
720,Albert,Chavez,achavezjz@clickbank.net,Male,208.24.189.169
721,Clarence,Elliott,celliottk0@github.com,Male,186.201.230.177
722,Rose,Marshall,rmarshallk1@latimes.com,Female,215.210.75.104
723,Wayne,Perry,wperryk2@redcross.org,Male,31.116.117.114
724,Brian,Adams,badamsk3@amazon.com,Male,42.31.74.105
725,Bonnie,Harper,bharperk4@360.cn,Female,66.89.51.118
726,Billy,Ray,brayk5@csmonitor.com,Male,184.126.176.89
727,Patricia,Allen,pallenk6@networkadvertising.org,Female,240.245.159.84
728,Frank,Schmidt,fschmidtk7@prlog.org,Male,99.21.192.221
729,Judith,Gordon,jgordonk8@bloomberg.com,Female,39.231.210.23
730,Kathleen,Gutierrez,kgutierrezk9@shop-pro.jp,Female,64.112.179.216
731,Ashley,Price,apriceka@nymag.com,Female,91.250.255.177
732,Patricia,Smith,psmithkb@npr.org,Female,171.221.1.135
733,Billy,Ford,bfordkc@purevolume.com,Male,126.89.119.246
734,Steven,Cruz,scruzkd@spotify.com,Male,192.254.75.178
735,Fred,Young,fyoungke@chicagotribune.com,Male,169.142.61.219
736,Bonnie,Stevens,bstevenskf@goo.ne.jp,Female,180.205.29.35
737,Andrew,Dean,adeankg@techcrunch.com,Male,181.26.54.37
738,Jessica,Reynolds,jreynoldskh@geocities.com,Female,92.13.61.64
739,Louis,Burns,lburnski@cafepress.com,Male,103.147.123.166
740,James,Cole,jcolekj@bloglines.com,Male,39.234.31.87
741,Edward,Allen,eallenkk@reddit.com,Male,255.208.87.25
742,Betty,Marshall,bmarshallkl@examiner.com,Female,184.82.180.62
743,Kenneth,Snyder,ksnyderkm@prlog.org,Male,199.26.128.235
744,Ann,Moreno,amorenokn@marriott.com,Female,199.243.211.180
745,Phyllis,Perry,pperryko@sphinn.com,Female,211.116.79.109
746,David,Chavez,dchavezkp@devhub.com,Male,214.100.19.235
747,Steve,Kennedy,skennedykq@ocn.ne.jp,Male,66.48.56.233
748,William,Bowman,wbowmankr@cpanel.net,Male,142.126.60.0
749,Carolyn,Thompson,cthompsonks@columbia.edu,Female,23.151.243.244
750,Andrew,Crawford,acrawfordkt@foxnews.com,Male,122.217.44.251
751,Jack,Boyd,jboydku@mashable.com,Male,42.187.176.156
752,Robert,Martinez,rmartinezkv@lycos.com,Male,155.8.169.46
753,Christopher,Robertson,crobertsonkw@woothemes.com,Male,108.117.41.33
754,Lori,Jackson,ljacksonkx@ftc.gov,Female,157.195.237.31
755,Kimberly,Mason,kmasonky@bandcamp.com,Female,170.92.22.131
756,Arthur,Hayes,ahayeskz@dropbox.com,Male,160.58.44.9
757,Judith,Ruiz,jruizl0@mit.edu,Female,148.127.91.219
758,Douglas,Lane,dlanel1@usgs.gov,Male,150.46.182.59
759,Judith,Wilson,jwilsonl2@wufoo.com,Female,125.34.228.161
760,Sharon,Fuller,sfullerl3@domainmarket.com,Female,114.85.49.219
761,Eugene,Gray,egrayl4@e-recht24.de,Male,53.202.162.101
762,Teresa,Hill,thilll5@plala.or.jp,Female,132.76.198.39
763,Roy,Hall,rhalll6@wsj.com,Male,82.88.43.104
764,Cheryl,Berry,cberryl7@oracle.com,Female,28.204.127.128
765,Nicole,Moreno,nmorenol8@google.com.au,Female,17.23.105.103
766,Virginia,Jacobs,vjacobsl9@storify.com,Female,93.207.4.147
767,Maria,Wheeler,mwheelerla@tumblr.com,Female,54.38.159.223
768,Philip,Pierce,ppiercelb@blinklist.com,Male,32.99.51.243
769,Christina,Hayes,chayeslc@noaa.gov,Female,49.234.244.125
770,Irene,King,ikingld@csmonitor.com,Female,141.119.2.7
771,Anthony,Ramirez,aramirezle@bbb.org,Male,137.97.67.94
772,Antonio,Montgomery,amontgomerylf@cbsnews.com,Male,191.72.65.130
773,Gary,Harper,gharperlg@parallels.com,Male,122.54.231.42
774,Diana,Oliver,doliverlh@people.com.cn,Female,112.153.173.236
775,Philip,Gilbert,pgilbertli@earthlink.net,Male,48.170.81.146
776,Joseph,Wells,jwellslj@blogs.com,Male,120.19.97.38
777,Gregory,Coleman,gcolemanlk@earthlink.net,Male,251.120.64.152
778,Judith,Shaw,jshawll@pagesperso-orange.fr,Female,24.129.242.235
779,Terry,Holmes,tholmeslm@mozilla.com,Male,150.130.184.235
780,Jean,Hall,jhallln@sphinn.com,Female,108.221.161.18
781,Timothy,Reid,treidlo@webmd.com,Male,162.232.30.186
782,Wanda,Knight,wknightlp@salon.com,Female,150.131.70.76
783,Patrick,Duncan,pduncanlq@cnet.com,Male,54.108.29.137
784,Harold,Schmidt,hschmidtlr@devhub.com,Male,197.2.85.78
785,Elizabeth,Palmer,epalmerls@amazonaws.com,Female,105.20.249.232
786,Alan,Stone,astonelt@youtube.com,Male,224.173.13.190
787,Jeffrey,Dunn,jdunnlu@aboutads.info,Male,92.253.168.180
788,Anne,Bell,abelllv@nydailynews.com,Female,46.199.34.34
789,Jane,Mccoy,jmccoylw@wikipedia.org,Female,192.90.250.156
790,Mildred,Shaw,mshawlx@tumblr.com,Female,104.177.80.15
791,Lois,Ramos,lramosly@microsoft.com,Female,141.114.11.14
792,Christine,Palmer,cpalmerlz@typepad.com,Female,233.160.249.144
793,Nancy,Hill,nhillm0@redcross.org,Female,143.104.227.112
794,Chris,Roberts,crobertsm1@geocities.com,Male,253.30.228.126
795,Craig,Morris,cmorrism2@seesaa.net,Male,114.180.37.133
796,Victor,Mccoy,vmccoym3@independent.co.uk,Male,183.41.161.125
797,Beverly,Webb,bwebbm4@arstechnica.com,Female,171.203.56.97
798,Carl,Stewart,cstewartm5@who.int,Male,122.191.251.111
799,Kathy,Ferguson,kfergusonm6@com.com,Female,55.158.63.153
800,Patrick,Nichols,pnicholsm7@miibeian.gov.cn,Male,3.232.110.33
801,Bobby,Rogers,brogersm8@issuu.com,Male,247.175.3.132
802,Lois,Gordon,lgordonm9@google.com.hk,Female,201.187.104.10
803,Elizabeth,Medina,emedinama@dropbox.com,Female,111.115.3.197
804,Rebecca,Sims,rsimsmb@instagram.com,Female,156.75.232.184
805,Diana,Howell,dhowellmc@tumblr.com,Female,224.87.11.55
806,Sandra,Shaw,sshawmd@smugmug.com,Female,58.145.237.20
807,Philip,Parker,pparkerme@upenn.edu,Male,108.13.39.215
808,George,Butler,gbutlermf@yale.edu,Male,110.24.203.245
809,Kimberly,Little,klittlemg@mtv.com,Female,12.69.66.36
810,Nicole,Freeman,nfreemanmh@java.com,Female,194.135.117.207
811,Ann,Gomez,agomezmi@wufoo.com,Female,150.52.5.98
812,Clarence,Duncan,cduncanmj@about.com,Male,109.13.20.139
813,Timothy,Johnson,tjohnsonmk@so-net.ne.jp,Male,158.38.143.43
814,Peter,Young,pyoungml@cdc.gov,Male,153.149.241.38
815,Michelle,Barnes,mbarnesmm@hp.com,Female,168.214.209.168
816,Andrew,Jackson,ajacksonmn@mapquest.com,Male,170.64.231.34
817,Marilyn,Gibson,mgibsonmo@sphinn.com,Female,152.59.203.229
818,Jack,Dean,jdeanmp@furl.net,Male,165.228.21.41
819,Lisa,Banks,lbanksmq@php.net,Female,58.215.20.58
820,Tina,Rose,trosemr@goo.ne.jp,Female,111.122.190.172
821,Nancy,Russell,nrussellms@sciencedaily.com,Female,185.33.170.101
822,Cheryl,Holmes,cholmesmt@miitbeian.gov.cn,Female,219.3.206.4
823,Nancy,Gonzalez,ngonzalezmu@sphinn.com,Female,1.223.14.46
824,Donald,Howard,dhowardmv@newyorker.com,Male,124.3.139.95
825,Donald,Ward,dwardmw@technorati.com,Male,212.24.169.247
826,Henry,Bishop,hbishopmx@gnu.org,Male,203.240.180.37
827,Judy,Larson,jlarsonmy@tinyurl.com,Female,84.146.23.27
828,Ruth,Ford,rfordmz@walmart.com,Female,106.72.93.76
829,Denise,Woods,dwoodsn0@hatena.ne.jp,Female,41.7.233.31
830,Catherine,Howell,chowelln1@mapquest.com,Female,7.197.117.220
831,Bonnie,Harrison,bharrisonn2@earthlink.net,Female,165.163.141.31
832,Ashley,Thompson,athompsonn3@stumbleupon.com,Female,181.166.166.146
833,Juan,Wood,jwoodn4@nsw.gov.au,Male,50.2.187.108
834,Christopher,Washington,cwashingtonn5@instagram.com,Male,199.137.75.120
835,Jesse,Austin,jaustinn6@mayoclinic.com,Male,228.185.73.55
836,Nicholas,Edwards,nedwardsn7@freewebs.com,Male,6.102.125.83
837,Adam,Simpson,asimpsonn8@angelfire.com,Male,20.106.57.183
838,Lori,Powell,lpowelln9@sun.com,Female,230.101.117.16
839,Beverly,Stephens,bstephensna@hugedomains.com,Female,28.23.188.1
840,Jeremy,Nguyen,jnguyennb@newyorker.com,Male,165.10.172.14
841,Cheryl,Tucker,ctuckernc@huffingtonpost.com,Female,54.250.79.61
842,Helen,Adams,hadamsnd@berkeley.edu,Female,74.105.187.245
843,Ronald,Morrison,rmorrisonne@blinklist.com,Male,66.113.165.11
844,Jeffrey,Long,jlongnf@amazon.co.jp,Male,29.136.33.1
845,Helen,Ryan,hryanng@disqus.com,Female,217.216.10.83
846,Teresa,Stevens,tstevensnh@blogs.com,Female,44.68.125.120
847,Jessica,Alexander,jalexanderni@google.pl,Female,97.219.49.160
848,Tammy,Williamson,twilliamsonnj@hhs.gov,Female,213.155.123.87
849,Brian,Weaver,bweavernk@ftc.gov,Male,101.7.133.248
850,Cynthia,Porter,cporternl@stumbleupon.com,Female,79.182.170.4
851,Alan,Brown,abrownnm@gov.uk,Male,219.168.161.57
852,Jonathan,Burns,jburnsnn@ning.com,Male,32.84.211.235
853,Helen,Gray,hgrayno@indiatimes.com,Female,104.149.11.157
854,Juan,Andrews,jandrewsnp@arstechnica.com,Male,93.155.243.217
855,Charles,Green,cgreennq@hhs.gov,Male,244.247.96.220
856,Michelle,Warren,mwarrennr@fc2.com,Female,173.123.16.123
857,Evelyn,Pierce,epiercens@exblog.jp,Female,85.178.194.240
858,Norma,Robinson,nrobinsonnt@bandcamp.com,Female,151.192.169.92
859,Clarence,Cunningham,ccunninghamnu@ucoz.ru,Male,6.212.184.2
860,Shawn,Hart,shartnv@dyndns.org,Male,203.48.92.91
861,Jennifer,Harrison,jharrisonnw@google.com.br,Female,51.202.234.17
862,Jennifer,Cooper,jcoopernx@blinklist.com,Female,126.172.157.95
863,Bonnie,Perkins,bperkinsny@canalblog.com,Female,157.157.26.47
864,Terry,Walker,twalkernz@tiny.cc,Male,200.101.142.36
865,Marie,Bryant,mbryanto0@ftc.gov,Female,27.79.180.199
866,Brian,Nelson,bnelsono1@wordpress.com,Male,191.91.165.105
867,Nancy,Cook,ncooko2@woothemes.com,Female,124.53.56.122
868,Tammy,Kelly,tkellyo3@godaddy.com,Female,174.35.211.17
869,Mildred,Hudson,mhudsono4@wikipedia.org,Female,115.6.98.169
870,Norma,Rice,nriceo5@geocities.com,Female,163.227.33.176
871,Paula,Walker,pwalkero6@examiner.com,Female,121.79.5.20
872,Janice,Cole,jcoleo7@hao123.com,Female,116.102.16.243
873,Donna,Ortiz,dortizo8@netvibes.com,Female,221.149.18.76
874,Margaret,Rodriguez,mrodriguezo9@quantcast.com,Female,53.178.118.6
875,Tina,Perez,tperezoa@chicagotribune.com,Female,85.158.220.151
876,Jose,Olson,jolsonob@mapy.cz,Male,144.111.115.100
877,Andrew,Hart,ahartoc@nifty.com,Male,37.44.176.52
878,Pamela,Lynch,plynchod@wikimedia.org,Female,104.163.160.88
879,Anne,Hudson,ahudsonoe@va.gov,Female,145.210.1.85
880,Tina,Hill,thillof@bing.com,Female,194.138.228.7
881,Lois,Alvarez,lalvarezog@t-online.de,Female,197.146.32.135
882,Douglas,Martinez,dmartinezoh@blinklist.com,Male,71.108.200.41
883,Ruby,Knight,rknightoi@google.fr,Female,147.163.151.234
884,Pamela,Vasquez,pvasquezoj@w3.org,Female,98.216.78.145
885,Lillian,Gardner,lgardnerok@shinystat.com,Female,138.64.236.122
886,Jose,Brooks,jbrooksol@mysql.com,Male,110.75.204.139
887,Elizabeth,Harper,eharperom@usgs.gov,Female,8.183.197.29
888,Julie,Butler,jbutleron@cnbc.com,Female,212.2.250.35
889,Betty,Torres,btorresoo@flickr.com,Female,204.98.71.25
890,Ralph,Ray,rrayop@bizjournals.com,Male,146.190.24.212
891,Teresa,Cooper,tcooperoq@virginia.edu,Female,115.249.60.157
892,Douglas,Hanson,dhansonor@sfgate.com,Male,129.93.58.163
893,Terry,Coleman,tcolemanos@vk.com,Male,136.32.80.178
894,Jean,Phillips,jphillipsot@amazon.com,Female,207.220.35.7
895,Diane,Dixon,ddixonou@engadget.com,Female,231.95.133.246
896,Henry,Black,hblackov@usatoday.com,Male,47.254.93.147
897,Justin,Fisher,jfisherow@addthis.com,Male,153.11.237.93
898,Douglas,Bradley,dbradleyox@blogspot.com,Male,182.237.107.175
899,Irene,Moore,imooreoy@bloglines.com,Female,147.146.166.111
900,Robert,Crawford,rcrawfordoz@msu.edu,Male,35.87.6.137
901,Clarence,Ramirez,cramirezp0@biblegateway.com,Male,220.157.53.66
902,Clarence,Reed,creedp1@nps.gov,Male,12.130.7.129
903,Teresa,Mccoy,tmccoyp2@cornell.edu,Female,26.158.42.141
904,Jessica,Diaz,jdiazp3@taobao.com,Female,211.12.68.36
905,Melissa,Harvey,mharveyp4@hud.gov,Female,151.190.182.75
906,Todd,Woods,twoodsp5@mysql.com,Male,205.59.20.239
907,Irene,Morgan,imorganp6@51.la,Female,17.106.159.30
908,Carolyn,Chapman,cchapmanp7@bbb.org,Female,204.101.239.227
909,Harold,Perkins,hperkinsp8@mit.edu,Male,141.23.248.84
910,Carlos,Henderson,chendersonp9@cargocollective.com,Male,226.123.25.97
911,Jonathan,Hall,jhallpa@jiathis.com,Male,211.159.94.128
912,Bruce,Clark,bclarkpb@oracle.com,Male,95.98.214.211
913,Patricia,Russell,prussellpc@technorati.com,Female,22.71.181.185
914,George,Larson,glarsonpd@forbes.com,Male,239.100.142.68
915,Betty,Webb,bwebbpe@cornell.edu,Female,227.133.112.251
916,Rose,Mason,rmasonpf@nature.com,Female,83.104.202.105
917,Anthony,Harper,aharperpg@twitter.com,Male,28.103.227.117
918,Janice,Little,jlittleph@xrea.com,Female,88.62.198.91
919,Steve,Baker,sbakerpi@google.com.au,Male,209.86.65.141
920,Martha,Kelley,mkelleypj@java.com,Female,79.57.234.30
921,Christopher,Griffin,cgriffinpk@uiuc.edu,Male,115.85.52.123
922,Todd,Ellis,tellispl@fda.gov,Male,27.239.57.25
923,Angela,Edwards,aedwardspm@gizmodo.com,Female,137.20.13.38
924,Frances,Griffin,fgriffinpn@hexun.com,Female,109.187.124.111
925,Tammy,Lewis,tlewispo@sourceforge.net,Female,108.125.194.178
926,Richard,Stone,rstonepp@infoseek.co.jp,Male,132.54.221.100
927,Jeremy,Jenkins,jjenkinspq@reddit.com,Male,154.74.70.166
928,Frances,Bishop,fbishoppr@pbs.org,Female,55.23.55.195
929,Anthony,Bradley,abradleyps@state.tx.us,Male,104.225.31.183
930,George,Mills,gmillspt@imdb.com,Male,136.76.130.252
931,Jason,Dunn,jdunnpu@homestead.com,Male,240.145.161.58
932,Jeffrey,Parker,jparkerpv@jiathis.com,Male,82.98.171.114
933,Terry,Garcia,tgarciapw@canalblog.com,Male,20.144.122.178
934,Amy,Hansen,ahansenpx@nationalgeographic.com,Female,13.19.112.86
935,Evelyn,Ray,eraypy@go.com,Female,182.105.73.84
936,Lillian,Carr,lcarrpz@t-online.de,Female,159.117.90.131
937,Antonio,Rodriguez,arodriguezq0@nyu.edu,Male,91.88.24.138
938,Carlos,Williamson,cwilliamsonq1@adobe.com,Male,129.24.54.174
939,Steve,Richardson,srichardsonq2@jimdo.com,Male,137.195.70.230
940,Doris,Howell,dhowellq3@geocities.jp,Female,88.72.175.254
941,Debra,Welch,dwelchq4@issuu.com,Female,191.244.11.174
942,Brandon,Mcdonald,bmcdonaldq5@narod.ru,Male,189.107.229.134
943,Helen,Rose,hroseq6@hud.gov,Female,84.88.140.58
944,Carolyn,Perez,cperezq7@mozilla.com,Female,176.114.221.226
945,Joshua,Freeman,jfreemanq8@youtu.be,Male,183.236.249.199
946,Donna,Burke,dburkeq9@prnewswire.com,Female,108.221.55.92
947,Jack,Armstrong,jarmstrongqa@bluehost.com,Male,49.202.148.67
948,Jeffrey,Scott,jscottqb@hc360.com,Male,220.131.101.90
949,Jennifer,Watkins,jwatkinsqc@squarespace.com,Female,56.66.235.173
950,Sara,Gonzales,sgonzalesqd@nytimes.com,Female,85.195.186.94
951,Justin,Arnold,jarnoldqe@auda.org.au,Male,174.33.22.38
952,Carolyn,Ramos,cramosqf@mediafire.com,Female,45.207.144.108
953,David,Barnes,dbarnesqg@biblegateway.com,Male,212.132.31.16
954,Virginia,Myers,vmyersqh@clickbank.net,Female,155.125.173.246
955,Angela,Brooks,abrooksqi@hatena.ne.jp,Female,153.252.84.185
956,Justin,Fisher,jfisherqj@yahoo.com,Male,128.50.106.26
957,Marilyn,Burns,mburnsqk@1688.com,Female,46.104.12.37
958,Lois,Nichols,lnicholsql@msu.edu,Female,20.190.219.174
959,Virginia,Moore,vmooreqm@huffingtonpost.com,Female,168.3.208.216
960,Stephen,Torres,storresqn@prweb.com,Male,197.227.97.18
961,Timothy,Hill,thillqo@nps.gov,Male,105.28.62.168
962,Evelyn,Daniels,edanielsqp@soup.io,Female,168.65.241.233
963,Clarence,Castillo,ccastilloqq@prnewswire.com,Male,104.184.158.253
964,Judy,Martinez,jmartinezqr@dmoz.org,Female,48.105.195.153
965,Earl,Reed,ereedqs@phpbb.com,Male,37.16.203.116
966,Rose,Gomez,rgomezqt@newyorker.com,Female,116.94.157.222
967,Andrew,Mason,amasonqu@independent.co.uk,Male,59.37.47.247
968,Sarah,Sims,ssimsqv@godaddy.com,Female,189.58.30.119
969,Laura,Collins,lcollinsqw@liveinternet.ru,Female,207.48.162.67
970,Craig,Watson,cwatsonqx@technorati.com,Male,59.231.243.33
971,Sarah,Porter,sporterqy@reference.com,Female,183.200.135.93
972,Ryan,Fuller,rfullerqz@whitehouse.gov,Male,51.185.96.124
973,Nancy,Ray,nrayr0@trellian.com,Female,120.53.157.193
974,Judy,Roberts,jrobertsr1@is.gd,Female,2.168.179.181
975,Howard,Johnston,hjohnstonr2@blogspot.com,Male,189.9.56.171
976,Brandon,Gibson,bgibsonr3@hc360.com,Male,119.42.6.115
977,Gloria,Fisher,gfisherr4@hibu.com,Female,97.186.115.158
978,Andrew,Carroll,acarrollr5@dailymail.co.uk,Male,245.228.28.173
979,Benjamin,Freeman,bfreemanr6@sohu.com,Male,149.63.96.51
980,Jean,Walker,jwalkerr7@google.com,Female,37.23.11.82
981,Ronald,Harris,rharrisr8@exblog.jp,Male,237.21.103.133
982,Brian,Bradley,bbradleyr9@unicef.org,Male,65.146.26.171
983,Catherine,Turner,cturnerra@discuz.net,Female,248.130.159.147
984,Johnny,Chavez,jchavezrb@naver.com,Male,158.107.254.135
985,Louise,Wallace,lwallacerc@fema.gov,Female,12.198.110.211
986,Steven,Webb,swebbrd@samsung.com,Male,55.23.143.130
987,George,Rivera,griverare@nationalgeographic.com,Male,38.191.228.81
988,Kathryn,Black,kblackrf@nih.gov,Female,160.176.8.232
989,Diana,Simmons,dsimmonsrg@yale.edu,Female,176.208.147.109
990,Ann,Gardner,agardnerrh@hibu.com,Female,53.77.118.224
991,David,Gonzalez,dgonzalezri@surveymonkey.com,Male,186.5.202.91
992,Kathy,Gutierrez,kgutierrezrj@barnesandnoble.com,Female,60.201.212.65
993,Joe,Riley,jrileyrk@elpais.com,Male,208.94.110.248
994,Ann,Weaver,aweaverrl@weibo.com,Female,93.156.41.172
995,Heather,Foster,hfosterrm@oracle.com,Female,43.113.26.92
996,Carlos,Scott,cscottrn@google.co.uk,Male,230.116.201.112
997,Kathy,Lee,kleero@wikipedia.org,Female,235.215.5.40
998,Scott,Morgan,smorganrp@twitter.com,Male,58.116.180.173
999,Ruth,Nguyen,rnguyenrq@disqus.com,Female,87.6.240.167
1000,David,Williams,dwilliamsrr@usa.gov,Male,70.196.2.79
